name,tags,time,amountOfClients,cpuPercentage,cpuSystem,cpuUser,event,ramExternal,ramHeapTotal,ramHeapUsed,ramRss
usage_server,,1555699550413169560,0,0.006269592476489061,28000,252000,setup,129745,18169856,9928424,38936576
usage_server,,1555699555417885920,0,0.0025188916876573986,28000,268000,generation,196544,18169856,10497872,41488384
usage_server,,1555699560419910959,0,0.001250781738586615,28000,276000,generation,263343,18169856,10990680,42024960
usage_server,,1555699565425347362,0,0.0006246096189881367,32000,284000,generation,330142,18169856,11483568,42565632
usage_server,,1555699570429179003,0,0.0012484394506866447,32000,292000,generation,396941,18169856,11973008,43106304
usage_server,,1555699571621123246,4,0.004364089775561131,44000,300000,open,397208,18694144,12263312,43376640
usage_server,,1555699571621125248,4,0.004361370716510882,44000,300000,open,397208,18694144,12301184,43376640
usage_server,,1555699571680066516,5,0.005603985056039873,52000,300000,open,405934,18694144,12396728,43376640
usage_server,,1555699571680169011,5,0.005603985056039873,52000,300000,open,405934,18694144,12433528,43376640
usage_server,,1555699572482335580,5,0.0037453183520599342,56000,300000,open,406468,18694144,12496416,43646976
usage_server,,1555699572482582959,5,0.0037406483790524137,64000,300000,open,25008,13975552,9479096,39755776
usage_server,,1555699572522374155,5,0.0031269543464665928,64000,300000,open,25008,13975552,9517952,39755776
usage_server,,1555699572522527339,5,0.0031230480949406836,64000,304000,open,25008,13975552,9549968,39755776
usage_server,,1555699572648580342,5,0.0024999999999999467,64000,308000,open,26076,13975552,9641520,39755776
usage_server,,1555699572648701567,5,0.00187499999999996,64000,308000,open,26076,13975552,9673800,39755776
usage_server,,1555699575412776683,7,0.0012492192379762734,68000,324000,open,88988,13451264,9692104,39067648
usage_server,,1555699575413051518,7,0.0012499999999999734,68000,328000,open,88988,13451264,9724448,39067648
usage_server,,1555699575429414142,7,0.000625390869293363,68000,328000,generation,88988,13451264,9767808,39067648
usage_server,,1555699576016881775,7,0.0031367628607277265,72000,328000,open,89789,13451264,9841616,39067648
usage_server,,1555699576016916403,7,0.0031347962382445305,72000,332000,open,89789,13451264,9878600,39067648
usage_server,,1555699580429133610,7,0.000625390869293363,72000,344000,generation,88988,13451264,9632176,38887424
usage_server,,1555699581516921087,8,0.0006249999999999867,72000,348000,open,89255,13451264,9715232,38887424
usage_server,,1555699581518828360,8,0.0012484394506866447,72000,352000,open,89255,13451264,9753096,39157760
usage_server,,1555699585432581640,8,0.000625390869293363,80000,356000,generation,156321,13451264,10389112,39698432
usage_server,,1555699590438032781,8,0.0037476577139288203,80000,388000,generation,88988,13451264,8720088,39485440
usage_server,,1555699595441506999,8,0.0012476606363068798,88000,392000,generation,155787,13451264,9349856,40296448
usage_server,,1555699600442999597,10,0.001250781738586615,96000,452000,generation,83348,12402688,9195776,39215104
usage_server,,1555699601114063267,10,0.003130870381966133,96000,456000,open,83615,12402688,9252240,39215104
usage_server,,1555699601115938599,10,0.0037453183520599342,96000,456000,open,83615,12402688,9290336,39215104
usage_server,,1555699601196072666,10,0.003754693366708417,100000,456000,open,84149,12402688,9352408,39485440
usage_server,,1555699601196141682,10,0.0037476577139288203,100000,460000,open,84149,12402688,9384720,39485440
usage_server,,1555699605448486602,10,0,108000,464000,generation,80796,12402688,9181872,39247872
usage_server,,1555699610447841307,10,0.004369538077403257,112000,472000,generation,80796,12402688,9022408,39010304
usage_server,,1555699615450407636,10,0.0018703241895261513,116000,484000,generation,80796,12402688,8808448,38776832
usage_server,,1555699620454126824,10,0.0024953212726138707,116000,492000,generation,147595,12402688,9464752,39587840
usage_server,,1555699625458596065,10,0,116000,504000,generation,80796,12402688,9188816,39112704
usage_server,,1555699630463155488,10,0.0012492192379762734,124000,512000,generation,80796,12402688,8974488,39145472
usage_server,,1555699635466707532,10,0,128000,520000,generation,16816,12402688,8617056,38637568
usage_server,,1555699640468575388,10,0.0006249999999999867,132000,528000,generation,83615,12402688,9271504,39178240
usage_server,,1555699645470488768,10,0,136000,536000,generation,80796,12402688,9060128,39211008
usage_server,,1555699650475107493,10,0.00249066002490661,140000,544000,generation,80796,12402688,8835144,38973440
usage_server,,1555699655478549561,10,0.0012484394506866447,144000,552000,generation,155787,12402688,9493944,39514112
usage_server,,1555699660482754217,10,0.0049720323182100845,148000,564000,generation,88988,12402688,9202080,39231488
usage_server,,1555699665486649677,10,0.0006234413965087171,152000,572000,generation,88988,12402688,8986768,38993920
usage_server,,1555699670486850579,10,0.0018703241895261513,156000,580000,generation,25275,12402688,8635680,38756352
usage_server,,1555699675489451703,10,0.000625390869293363,156000,592000,generation,92074,12402688,9290576,39297024
usage_server,,1555699680494391539,10,0.002498438475952547,156000,604000,generation,88988,12402688,9075080,39059456
usage_server,,1555699685499114591,10,0.0006234413965087171,164000,608000,generation,88988,12402688,8849464,38821888
usage_server,,1555699690503007245,10,0.0012476606363068798,168000,616000,generation,155787,12402688,9506288,39632896
usage_server,,1555699695506641001,10,0.0012492192379762734,172000,632000,generation,88988,12402688,9221024,39661568
usage_server,,1555699700507645349,10,0.00187499999999996,176000,640000,generation,88988,12402688,9000288,39424000
usage_server,,1555699705509930013,10,0.0006249999999999867,176000,652000,generation,25008,12402688,8631072,38977536
usage_server,,1555699710514288143,10,0.0018726591760299671,180000,668000,generation,91807,12402688,9286352,40054784
usage_server,,1555699715518251659,10,0.0018726591760299671,180000,680000,generation,88988,12402688,9061448,39817216
usage_server,,1555699720522764321,10,0.0031172069825435855,184000,688000,generation,88988,12402688,8857440,39833600
usage_server,,1555699725525159511,10,0.0012484394506866447,184000,700000,generation,155787,12402688,9505816,40374272
usage_server,,1555699730524149916,10,0.0018691588785046953,192000,704000,generation,88988,12402688,9258928,41185280
usage_server,,1555699735530737216,10,0.0024922118380061864,192000,724000,generation,88988,12402688,9051360,42532864
usage_server,,1555699740535336696,10,0.0006246096189881367,196000,732000,generation,25008,12402688,8672072,43073536
usage_server,,1555699745537447034,10,0,196000,744000,generation,91807,12402688,9314232,43614208
usage_server,,1555699750542419090,10,0.0018738288569644101,200000,748000,generation,88988,12402688,9083384,44425216
usage_server,,1555699755545460119,10,0.0006261740763932044,200000,760000,generation,88988,12402688,8878040,45236224
usage_server,,1555699760546078340,10,0.0031250000000000444,204000,768000,generation,155787,12402688,9517552,46047232
usage_server,,1555699765550792040,10,0.0006238303181534954,208000,776000,generation,88988,12402688,9255880,45830144
usage_server,,1555699770554357249,10,0.0037523452157598447,212000,780000,generation,88988,12402688,8961144,45559808
usage_server,,1555699775557680751,10,0.0012515644555695093,212000,792000,generation,155787,12402688,9600720,46100480
usage_server,,1555699780561791850,10,0.0031269543464665928,216000,800000,generation,88988,12402688,9259600,45780992
usage_server,,1555699785566747829,10,0.0024999999999999467,216000,812000,generation,88988,12402688,9036208,45559808
usage_server,,1555699790566771062,10,0.00250156347717323,220000,816000,generation,163979,12402688,9675808,46100480
usage_server,,1555699795569527605,10,0.0012499999999999734,224000,824000,generation,99999,12402688,9306560,45834240
usage_server,,1555699800574931238,10,0,228000,832000,generation,97180,12402688,9075176,45568000
usage_server,,1555699805577571467,10,0.0006261740763932044,228000,844000,generation,97180,12402688,8891336,43200512
usage_server,,1555699810578532521,10,0.00125234815278652,232000,852000,generation,163979,12402688,9533576,44007424
usage_server,,1555699815581747396,10,0.0006257822277847547,232000,860000,generation,97180,12402688,9266808,43790336
usage_server,,1555699820587672445,10,0.002498438475952547,244000,868000,generation,97180,12402688,8973208,43544576
usage_server,,1555699825588029618,10,0.0006249999999999867,244000,880000,generation,163979,12402688,9612248,44175360
usage_server,,1555699830590033338,10,0.0006265664160400863,248000,888000,generation,97180,12402688,9273032,43737088
usage_server,,1555699835594466450,10,0,260000,888000,generation,97180,12402688,9049232,43511808
usage_server,,1555699840599222069,10,0.0031250000000000444,260000,896000,generation,163979,12402688,9688560,44044288
usage_server,,1555699845602647768,10,0.0006257822277847547,264000,904000,generation,99999,12402688,9318864,43778048
usage_server,,1555699850604469429,10,0.0024999999999999467,268000,920000,generation,97180,12402688,9098144,43749376
usage_server,,1555699855606491151,10,0.0024999999999999467,276000,940000,generation,97180,12402688,8937248,43810816
usage_server,,1555699860611934893,10,0.0037476577139288203,288000,964000,generation,163979,12402688,9631184,44625920
usage_server,,1555699865614272994,10,0.0006249999999999867,292000,972000,generation,97180,12402688,9377408,44421120
usage_server,,1555699870618690363,10,0.0018785222291797243,296000,980000,generation,97180,12402688,9079072,44150784
usage_server,,1555699875621206861,10,0.036917098445595875,300000,984000,generation,163979,12402688,9711584,44683264
usage_server,,1555699880623135600,10,0.012484394506866447,308000,988000,generation,97180,12402688,9411728,44359680
usage_server,,1555699885626287808,10,0.011972274732199084,312000,996000,generation,97180,12402688,9178224,44122112
usage_server,,1555699890630502716,10,0.01310861423220977,316000,1004000,generation,163979,12402688,9810128,44654592
usage_server,,1555699895634920276,10,0.011845386533665847,320000,1012000,generation,99999,12402688,9433744,44417024
usage_server,,1555699900637882508,12,0.011271133375078235,332000,1024000,generation,97180,12402688,9250776,44392448
usage_server,,1555699901539492538,16,0.01375000000000004,344000,1028000,open,97447,12402688,9393672,44392448
usage_server,,1555699901542576179,16,0.013698630136986356,348000,1028000,open,97447,12402688,9425208,44392448
usage_server,,1555699901592667874,16,0.01375000000000004,348000,1028000,open,97714,12402688,9465256,44392448
usage_server,,1555699901595718200,16,0.013732833957553092,348000,1032000,open,97714,12402688,9495952,44621824
usage_server,,1555699901922733487,17,0.01499063085571517,352000,1040000,open,98515,12402688,9585064,44621824
usage_server,,1555699901925957016,17,0.01495327102803734,352000,1040000,open,98515,12402688,9616024,44621824
usage_server,,1555699902113409254,18,0.01807980049875313,356000,1040000,open,99049,12402688,9687104,44621824
usage_server,,1555699902113421171,18,0.01743462017434616,360000,1040000,open,99049,12402688,9713680,44621824
usage_server,,1555699902180544389,20,0.01806853582554513,364000,1040000,open,107508,12402688,9802080,44863488
usage_server,,1555699902180699814,20,0.01806853582554513,368000,1040000,open,107508,12402688,9828296,44863488
usage_server,,1555699902462627785,20,0.015634771732332742,372000,1040000,open,41926,12402688,8980552,43974656
usage_server,,1555699902465646268,20,0.015576323987538943,372000,1040000,open,41926,12402688,9011520,43974656
usage_server,,1555699902916561268,27,0.01440200375704448,384000,1044000,open,42460,12402688,9204272,44236800
usage_server,,1555699902916603390,27,0.014357053682896415,384000,1048000,open,42460,12402688,9234792,44236800
usage_server,,1555699903112721584,27,0.010624999999999996,384000,1052000,open,42994,12402688,9284872,44236800
usage_server,,1555699903112768846,27,0.010018785222291826,384000,1052000,open,42994,12402688,9314760,44236800
usage_server,,1555699903141245093,27,0.010000000000000009,384000,1056000,open,42994,12402688,9346544,44494848
usage_server,,1555699903141353407,27,0.00939261114589851,384000,1056000,open,42994,12402688,9372776,44494848
usage_server,,1555699903156676538,27,0.00941028858218318,384000,1056000,open,43261,12402688,9417760,44494848
usage_server,,1555699903156724110,27,0.008766437069505306,384000,1060000,open,43261,12402688,9443952,44494848
usage_server,,1555699903511404891,32,0.008130081300813052,392000,1064000,open,44596,12402688,9635784,44761088
usage_server,,1555699903511537107,32,0.008125000000000049,396000,1064000,open,44596,12402688,9662464,44761088
usage_server,,1555699903554424057,33,0.008760951188986232,400000,1064000,open,44863,12402688,9754888,44761088
usage_server,,1555699903554464470,33,0.008130081300813052,400000,1064000,open,44863,12402688,9725168,44761088
usage_server,,1555699903680316676,33,0.007514088916718897,404000,1064000,open,45664,12402688,9813672,44761088
usage_server,,1555699903680445334,33,0.007518796992481258,404000,1064000,open,45664,12402688,9840136,44761088
usage_server,,1555699903713734542,33,0.006883604505632079,404000,1068000,open,41392,12402688,9040384,43986944
usage_server,,1555699903716655232,33,0.00747663551401867,404000,1072000,open,41392,12402688,9071152,43986944
usage_server,,1555699903824452252,33,0.007518796992481258,404000,1072000,open,42460,12402688,9137616,44249088
usage_server,,1555699903824546023,33,0.006900878293600976,404000,1076000,open,42460,12402688,9164168,44249088
usage_server,,1555699903858221183,33,0.00877192982456143,408000,1076000,open,42460,12402688,9232712,44249088
usage_server,,1555699903858275157,33,0.007528230865746499,404000,1076000,open,42460,12402688,9203120,44249088
usage_server,,1555699903917056701,34,0.008755472170106304,412000,1076000,open,43528,12402688,9322664,44249088
usage_server,,1555699903917193894,34,0.008755472170106304,416000,1076000,open,43528,12402688,9350856,44249088
usage_server,,1555699904279502859,39,0.008788449466415549,420000,1084000,open,44062,12402688,9507776,44515328
usage_server,,1555699904282639580,39,0.009386733416770987,420000,1084000,open,44062,12402688,9539352,44515328
usage_server,,1555699904341443656,39,0.009404388714733591,424000,1084000,open,44329,12402688,9579416,44515328
usage_server,,1555699904341680503,39,0.009404388714733591,424000,1084000,open,44329,12402688,9609024,44515328
usage_server,,1555699904346012157,39,0.00936914428482194,424000,1088000,open,44329,12402688,9667400,44785664
usage_server,,1555699904346014499,39,0.009380863039399667,424000,1088000,open,44329,12402688,9641200,44515328
usage_server,,1555699904352854822,39,0.00941619585687381,428000,1088000,open,44329,12402688,9703416,44785664
usage_server,,1555699904353049801,39,0.009404388714733591,428000,1088000,open,44329,12402688,9733376,44785664
usage_server,,1555699904482802616,39,0.010018785222291826,428000,1092000,open,46198,12402688,9827312,44785664
usage_server,,1555699904482913192,39,0.010000000000000009,428000,1092000,open,46198,12402688,9853664,44785664
usage_server,,1555699904536616932,39,0.010043942247332072,428000,1096000,open,46465,12402688,9897624,44785664
usage_server,,1555699904536620069,39,0.010043942247332072,428000,1096000,open,46465,12402688,9927200,45051904
usage_server,,1555699904892629900,39,0.008827238335435084,440000,1104000,open,105372,12402688,9639344,44691456
usage_server,,1555699904892752908,39,0.008821676118462518,440000,1104000,open,105372,12402688,9669264,44691456
usage_server,,1555699904943188567,39,0.008196721311475419,440000,1108000,open,113564,12402688,9701064,44691456
usage_server,,1555699904943289599,39,0.008816120906801062,440000,1108000,open,113564,12402688,9727264,44691456
usage_server,,1555699905113422308,39,0.006922592825676532,444000,1108000,open,114632,12402688,9802064,44691456
usage_server,,1555699905113531169,39,0.006913890634820841,444000,1108000,open,114632,12402688,9828616,44961792
usage_server,,1555699905214819210,39,0.006931316950220534,444000,1112000,open,115166,12402688,9881400,44961792
usage_server,,1555699905214936914,39,0.007547169811320753,444000,1112000,open,115166,12402688,9907800,44961792
usage_server,,1555699905214974736,39,0.007547169811320753,444000,1116000,open,115166,12402688,9940736,44961792
usage_server,,1555699905215142167,39,0.008799497171590231,448000,1116000,open,115166,12402688,9966904,44961792
usage_server,,1555699905221398656,39,0.008805031446540879,448000,1116000,open,115166,12402688,10006136,44961792
usage_server,,1555699905221400328,39,0.008799497171590231,448000,1120000,open,115166,12402688,10035696,44961792
usage_server,,1555699905640238594,40,0.007495315427857641,448000,1124000,generation,49584,12402688,9208896,44208128
usage_server,,1555699906560196064,44,0.0025031289111389077,452000,1132000,open,49851,12402688,9339664,44474368
usage_server,,1555699906560368278,44,0.0025046963055729288,452000,1132000,open,49851,12402688,9366128,44474368
usage_server,,1555699906846788923,46,0.001877346683354153,456000,1136000,open,50385,12402688,9462336,44474368
usage_server,,1555699906850079041,46,0.0018738288569644101,456000,1140000,open,50385,12402688,9493848,44474368
usage_server,,1555699907177239303,48,0.0031250000000000444,460000,1140000,open,50919,12402688,9586360,44474368
usage_server,,1555699907177463735,48,0.003121098626716612,464000,1140000,open,50919,12402688,9612760,44744704
usage_server,,1555699907249756992,48,0.0031269543464665928,464000,1140000,open,51453,12402688,9666552,44744704
usage_server,,1555699907249774126,48,0.003121098626716612,468000,1140000,open,51453,12402688,9696480,44744704
usage_server,,1555699907410555369,50,0.0037523452157598447,468000,1144000,open,51987,12402688,9785112,44744704
usage_server,,1555699907410611386,50,0.0037476577139288203,472000,1144000,open,51987,12402688,9815000,44744704
usage_server,,1555699907576213502,51,0.0037476577139288203,476000,1144000,open,52521,12402688,9886480,45010944
usage_server,,1555699907578587680,51,0.0037476577139288203,476000,1144000,open,52521,12402688,9913048,45010944
usage_server,,1555699907747719408,52,0.0062539086929330745,480000,1160000,open,53055,12402688,10027064,45191168
usage_server,,1555699907747771404,52,0.006246096189881367,480000,1156000,open,53055,12402688,10000560,45191168
usage_server,,1555699907873594620,52,0.00500312695434646,480000,1164000,open,53589,12402688,10087976,45191168
usage_server,,1555699907876671984,52,0.005617977528089901,480000,1164000,open,53589,12402688,10119464,45191168
usage_server,,1555699907989838483,53,0.006883604505632079,480000,1168000,open,49851,12402688,9280616,44445696
usage_server,,1555699907990027450,53,0.006883604505632079,480000,1172000,open,49851,12402688,9310424,44445696
usage_server,,1555699908272669244,59,0.006883604505632079,488000,1180000,open,50385,12402688,9495696,44711936
usage_server,,1555699908272716687,59,0.0068792995622264375,488000,1180000,open,50385,12402688,9522312,44711936
usage_server,,1555699908405781365,60,0.007509386733416723,492000,1184000,open,50919,12402688,9605584,44711936
usage_server,,1555699908405788004,60,0.007509386733416723,492000,1184000,open,50919,12402688,9631968,44711936
usage_server,,1555699908500823151,60,0.008130081300813052,492000,1188000,open,51453,12402688,9693256,44978176
usage_server,,1555699908500826017,60,0.008130081300813052,492000,1188000,open,51453,12402688,9723184,44978176
usage_server,,1555699908708798477,63,0.00563204005006257,492000,1196000,open,51987,12402688,9846648,44978176
usage_server,,1555699908711657779,63,0.0056214865708932304,496000,1196000,open,51987,12402688,9877968,44978176
usage_server,,1555699908963066376,67,0.0037570444583594487,500000,1200000,open,52521,12402688,10001832,45248512
usage_server,,1555699908963123071,67,0.003754693366708417,500000,1204000,open,52521,12402688,10031832,45248512
usage_server,,1555699909036518387,68,0.0037617554858934144,504000,1208000,open,53055,12402688,10115360,45412352
usage_server,,1555699909053885545,68,0.0037523452157598447,504000,1212000,open,53055,12402688,10146256,45412352
usage_server,,1555699909085854097,68,0.004391468005018773,504000,1216000,open,61514,12402688,10186648,45412352
usage_server,,1555699909088836377,68,0.004380475594493172,504000,1216000,open,57776,12402688,9431696,44900352
usage_server,,1555699909120178373,69,0.004380475594493172,504000,1224000,open,58043,12402688,9515864,44900352
usage_server,,1555699909120211196,69,0.004380475594493172,504000,1220000,open,58043,12402688,9489680,44900352
usage_server,,1555699909170311415,69,0.005018820577164407,504000,1224000,open,58577,12402688,9569728,44900352
usage_server,,1555699909170314795,69,0.005021971123666091,508000,1224000,open,58577,12402688,9595896,44900352
usage_server,,1555699909245887893,69,0.005642633228840177,508000,1224000,open,59111,12402688,9653704,44900352
usage_server,,1555699909246132344,69,0.005639097744360888,508000,1228000,open,59111,12402688,9683296,44900352
usage_server,,1555699909264763668,69,0.006265664160400974,512000,1228000,open,59645,12402688,9759888,45166592
usage_server,,1555699909264771465,69,0.006265664160400974,508000,1228000,open,59645,12402688,9733736,45166592
usage_server,,1555699909306435044,70,0.00564617314930993,516000,1228000,open,59912,12402688,9826392,45166592
usage_server,,1555699909309148112,70,0.0050093926111458575,516000,1228000,open,59912,12402688,9857120,45166592
usage_server,,1555699909542126248,74,0.006887914840325582,520000,1248000,open,61247,12402688,10035952,45658112
usage_server,,1555699909542126421,74,0.006887914840325582,520000,1248000,open,61247,12402688,10062528,45658112
usage_server,,1555699909569016858,74,0.006909547738693456,524000,1248000,open,61247,12402688,10097680,45658112
usage_server,,1555699909569273177,74,0.0069052102950407646,524000,1248000,open,61247,12402688,10127704,45658112
usage_server,,1555699909668627190,76,0.009481668773704155,540000,1264000,open,122290,16596992,10284728,46292992
usage_server,,1555699909671667994,76,0.009457755359394748,544000,1264000,open,122290,16596992,10315576,46292992
usage_server,,1555699909717097127,78,0.010113780025284402,548000,1264000,open,122290,16596992,10385776,46292992
usage_server,,1555699909717307823,78,0.010113780025284402,548000,1264000,open,122290,16596992,10411976,46292992
usage_server,,1555699909746630323,79,0.010113780025284402,556000,1264000,open,122290,16596992,10470248,46292992
usage_server,,1555699909750427719,79,0.0100819155639571,560000,1264000,open,122290,16596992,10502048,46292992
usage_server,,1555699909761175172,79,0.011378002528445008,564000,1272000,open,123091,16596992,10574800,46292992
usage_server,,1555699909761486236,79,0.01137081490840175,564000,1272000,open,123091,16596992,10604296,46292992
usage_server,,1555699909801354295,79,0.011994949494949503,564000,1276000,open,123892,16596992,10664520,46292992
usage_server,,1555699909804314729,79,0.011964735516372782,564000,1276000,open,123892,16596992,10694928,46292992
usage_server,,1555699910002419002,81,0.013249211356466839,564000,1284000,open,125227,16596992,10813128,46292992
usage_server,,1555699910005564216,81,0.012594458438287104,564000,1284000,open,125227,16596992,10843848,46292992
usage_server,,1555699910118402713,81,0.013240857503152625,564000,1288000,open,125761,16596992,10895152,46546944
usage_server,,1555699910118402723,81,0.013853904282115859,564000,1288000,open,125761,16596992,10921784,46546944
usage_server,,1555699910302574130,82,0.013871374527112179,572000,1288000,open,126295,16596992,11006080,46546944
usage_server,,1555699910305763363,82,0.013871374527112179,572000,1288000,open,126295,16596992,11037096,46546944
usage_server,,1555699910383527318,84,0.013862633900441068,576000,1292000,open,126829,16596992,11128744,46546944
usage_server,,1555699910383538327,84,0.01448362720403018,576000,1292000,open,126829,16596992,11155440,46817280
usage_server,,1555699910448682398,84,0.013880126182965302,576000,1296000,open,127363,16596992,11207280,46817280
usage_server,,1555699910448685010,84,0.013862633900441068,576000,1296000,open,127363,16596992,11236928,46817280
usage_server,,1555699910473592591,86,0.014520202020201989,580000,1300000,open,127363,16596992,11307256,46817280
usage_server,,1555699910473822478,86,0.014511041009463765,580000,1300000,open,127363,16596992,11337176,46817280
usage_server,,1555699910487930974,86,0.013240857503152625,580000,1304000,open,127897,16596992,11381200,46817280
usage_server,,1555699910489770581,86,0.013215859030836996,580000,1304000,open,127897,16596992,11416088,46817280
usage_server,,1555699910617378023,88,0.013199245757385292,588000,1304000,open,137157,16596992,11519152,47087616
usage_server,,1555699910617533965,88,0.013157894736842146,588000,1304000,open,137157,16596992,11549064,47087616
usage_server,,1555699910646916793,89,0.013157894736842146,588000,1308000,generation,137157,16596992,11601496,47087616
usage_server,,1555699910659764615,89,0.012484394506866447,592000,1308000,open,137424,16596992,11640496,47087616
usage_server,,1555699910660722290,89,0.012492192379762623,592000,1308000,open,137424,16596992,11669992,47087616
usage_server,,1555699910687382023,89,0.011912225705329127,592000,1312000,open,129681,16596992,10177208,47628288
usage_server,,1555699910692737729,89,0.011882426516572897,592000,1312000,open,129681,16596992,10208072,47628288
usage_server,,1555699910692809467,89,0.011271133375078235,596000,1312000,open,129681,16596992,10264160,47628288
usage_server,,1555699910692850040,89,0.01189730745147155,596000,1312000,open,129681,16596992,10237960,47628288
usage_server,,1555699910725152834,89,0.011257035647279534,596000,1316000,open,130215,16596992,10343576,47628288
usage_server,,1555699910725185538,89,0.011278195488721776,596000,1312000,open,130215,16596992,10317328,47628288
usage_server,,1555699910881853690,91,0.010012515644555742,596000,1324000,open,132351,16596992,10480160,47628288
usage_server,,1555699910884864814,91,0.011249999999999982,596000,1324000,open,132351,16596992,10510840,47628288
usage_server,,1555699910903218890,91,0.011249999999999982,596000,1328000,open,132351,16596992,10567368,47628288
usage_server,,1555699910903357279,91,0.011249999999999982,596000,1328000,open,132351,16596992,10541168,47628288
usage_server,,1555699911213686996,94,0.007499999999999951,600000,1332000,open,133419,16596992,10692176,47628288
usage_server,,1555699911216542546,94,0.008104738154613433,604000,1332000,open,133419,16596992,10723000,47628288
usage_server,,1555699911320353641,95,0.007504690431519689,604000,1336000,open,133953,16596992,10791216,47628288
usage_server,,1555699911320481535,95,0.006883604505632079,604000,1336000,open,133953,16596992,10817680,47628288
usage_server,,1555699911354592905,95,0.0068792995622264375,608000,1336000,open,133953,16596992,10852168,47628288
usage_server,,1555699911357541298,95,0.006857855361595999,608000,1336000,open,133953,16596992,10882584,47628288
usage_server,,1555699911461192115,95,0.007504690431519689,612000,1336000,open,135021,16596992,10946328,47628288
usage_server,,1555699911461421443,95,0.007504690431519689,616000,1336000,open,135021,16596992,11005584,47628288
usage_server,,1555699911461497762,95,0.007504690431519689,612000,1336000,open,135021,16596992,10972912,47628288
usage_server,,1555699911461608826,95,0.006883604505632079,616000,1336000,open,135021,16596992,11031752,47628288
usage_server,,1555699911505736256,95,0.007495315427857641,620000,1336000,open,135021,16596992,11068112,47628288
usage_server,,1555699911508636238,95,0.008099688473520272,620000,1336000,open,135021,16596992,11098520,47628288
usage_server,,1555699911512987551,95,0.00811485642946319,620000,1336000,open,135021,16596992,11128896,47628288
usage_server,,1555699911513117628,95,0.008109794135994997,620000,1340000,open,135021,16596992,11155112,47628288
usage_server,,1555699911627325192,95,0.008119925046845666,624000,1340000,open,137157,16596992,11257536,47898624
usage_server,,1555699911627578498,95,0.00811485642946319,624000,1340000,open,137157,16596992,11283936,47898624
usage_server,,1555699911802600417,95,0.0068792995622264375,628000,1340000,open,137691,16596992,11335088,47898624
usage_server,,1555699911802704458,95,0.006870705808869504,628000,1340000,open,137691,16596992,11364936,47898624
usage_server,,1555699911851108054,95,0.00872817955112215,628000,1344000,open,137958,16596992,11430760,47898624
usage_server,,1555699911851146592,95,0.006870705808869504,628000,1344000,open,137958,16596992,11404512,47898624
usage_server,,1555699911924791816,95,0.007485963817841501,632000,1344000,open,138759,16596992,11490320,48168960
usage_server,,1555699911924843131,95,0.006862133499688117,632000,1344000,open,138759,16596992,11516768,48168960
usage_server,,1555699912169323971,96,0.0068749999999999645,640000,1344000,open,139293,16596992,11593496,48168960
usage_server,,1555699912169369786,96,0.0068749999999999645,640000,1344000,open,139293,16596992,11620080,48168960
usage_server,,1555699912182909301,97,0.006866416978776546,640000,1348000,open,139293,16596992,11672136,48168960
usage_server,,1555699912182962353,97,0.006870705808869504,640000,1348000,open,147485,16596992,11698448,48168960
usage_server,,1555699912257895047,97,0.006257822277847325,640000,1352000,open,148553,16596992,11766432,48439296
usage_server,,1555699912258134687,98,0.006191950464396245,644000,1356000,open,148553,16596992,11823168,48439296
usage_server,,1555699912964423545,98,0.006257822277847325,648000,1356000,open,149087,16596992,11874680,48439296
usage_server,,1555699912964684213,98,0.006257822277847325,648000,1356000,open,149087,16596992,11904352,48439296
usage_server,,1555699913180693870,98,0.005012531328320802,648000,1360000,open,149621,16596992,11952256,48439296
usage_server,,1555699913183346363,98,0.005006257822277815,648000,1360000,open,149621,16596992,11982736,48439296
usage_server,,1555699913260283412,98,0.004993757802746579,652000,1360000,open,150155,16596992,12027432,48697344
usage_server,,1555699913260432934,98,0.005614472863381126,652000,1360000,open,129681,16596992,10224696,48697344
usage_server,,1555699914453458380,99,0.0037476577139288203,660000,1360000,open,130215,16596992,10295808,48697344
usage_server,,1555699914453463763,99,0.0037429819089207506,660000,1360000,open,130215,16596992,10322280,48697344
usage_server,,1555699915644849141,99,0.002515723270440251,668000,1376000,generation,193661,16596992,11206288,48697344
usage_server,,1555699916758347186,98,0.0012468827930174342,668000,1384000,close,193928,16596992,11268032,48861184
usage_server,,1555699916758396807,98,0.0006238303181534954,672000,1384000,close,193928,16596992,11294376,48861184
usage_server,,1555699917936369637,97,0.0031289111389236623,676000,1384000,close,194462,16596992,11360648,48861184
usage_server,,1555699917936370235,97,0.0031269543464665928,676000,1384000,close,194462,16596992,11387112,48861184
usage_server,,1555699920647109047,97,0.005021971123666091,684000,1404000,generation,193661,13975552,11442304,46874624
usage_server,,1555699925654057702,97,0.004385964912280715,688000,1444000,generation,257374,14499840,11793528,47726592
usage_server,,1555699929845710088,98,0.006273525721455453,700000,1472000,open,321087,15024128,12403480,48537600
usage_server,,1555699929845753168,98,0.006277463904582503,704000,1472000,open,321087,15024128,12433392,48537600
usage_server,,1555699930652005422,96,0.004391468005018773,704000,1476000,generation,321621,15024128,12503552,48537600
usage_server,,1555699931611470618,94,0.00187499999999996,704000,1484000,close,321888,15024128,12563848,48807936
usage_server,,1555699931611474140,94,0.0024937655860348684,704000,1484000,close,321888,15024128,12590392,48807936
usage_server,,1555699931633653659,94,0.00250156347717323,704000,1488000,close,321888,15024128,12625504,48807936
usage_server,,1555699931636667822,94,0.0024953212726138707,704000,1488000,close,321888,15024128,12656104,48807936
usage_server,,1555699931825855769,94,0.0018738288569644101,708000,1492000,close,322956,15024128,12723320,48807936
usage_server,,1555699931826035091,94,0.0018703241895261513,708000,1492000,close,322956,15024128,12749744,48807936
usage_server,,1555699932282574495,94,0.004993757802746579,708000,1508000,close,320820,15548416,12163408,47902720
usage_server,,1555699932282585139,94,0.004996876951905094,708000,1504000,close,323490,15024128,12820792,48635904
usage_server,,1555699935652690185,94,0.0018808777429467627,720000,1520000,generation,384800,15548416,13172096,48726016
usage_server,,1555699937311349797,92,0.0012468827930174342,720000,1528000,close,385067,15548416,13259808,48996352
usage_server,,1555699937311357307,92,0.0006249999999999867,720000,1528000,close,385067,15548416,13233160,48996352
usage_server,,1555699937317596936,92,0.0012515644555695093,720000,1532000,close,385067,15548416,13295120,48996352
usage_server,,1555699937317743374,92,0.0012476606363068798,720000,1532000,close,385067,15548416,13324832,48996352
usage_server,,1555699940651353217,92,0.003759398496240629,740000,1556000,generation,448513,16072704,13636152,48836608
usage_server,,1555699943655518424,93,0.005635566687539173,744000,1568000,open,448780,16072704,13714184,49012736
usage_server,,1555699943655619713,93,0.006862133499688117,748000,1568000,open,448780,16072704,13740864,49012736
usage_server,,1555699945238916672,93,0.0037688442211055717,760000,1604000,open,520418,16596992,14254920,49876992
usage_server,,1555699945239093671,93,0.004388714733542298,760000,1608000,open,520418,16596992,14281584,49876992
usage_server,,1555699945657769758,93,0.0037641154328732496,760000,1608000,generation,520952,16596992,14334472,49876992
usage_server,,1555699946180432988,92,0.0037429819089207506,764000,1608000,close,521219,16596992,14384552,49876992
usage_server,,1555699946180533285,92,0.0031230480949406836,764000,1612000,close,521219,16596992,14411224,49876992
usage_server,,1555699946842829527,92,0.0024999999999999467,764000,1616000,close,521753,16596992,14464112,49876992
usage_server,,1555699946845916828,92,0.0018714909544603753,764000,1616000,close,521753,16596992,14495128,50143232
usage_server,,1555699950657422584,92,0.005624999999999991,772000,1636000,generation,584131,17121280,14792376,50249728
usage_server,,1555699955661197881,92,0.0006273525721455231,780000,1656000,generation,647844,18169856,15272472,50663424
usage_server,,1555699958924329802,95,0.004990642545227741,788000,1660000,open,648111,18169856,15380960,50933760
usage_server,,1555699958924485436,95,0.004993757802746579,788000,1660000,open,648111,18169856,15407464,50933760
usage_server,,1555699959809989250,96,0.008130081300813052,796000,1684000,open,711557,19218432,16190528,51679232
usage_server,,1555699959810044340,96,0.008140262993112102,796000,1684000,open,711557,19218432,16164024,51679232
usage_server,,1555699959880571652,96,0.008150470219435713,796000,1684000,open,711557,19218432,16225416,51679232
usage_server,,1555699959880802431,96,0.007523510971786829,800000,1684000,open,711557,19218432,16251488,51679232
usage_server,,1555699959937092056,96,0.00563204005006257,800000,1688000,open,712091,19218432,16303832,51679232
usage_server,,1555699959937241147,96,0.005639097744360888,800000,1688000,open,712091,19218432,16329968,51679232
usage_server,,1555699960661850530,96,0.003140703517587995,804000,1688000,generation,713159,19218432,16399936,51679232
usage_server,,1555699961855788842,95,0.0006238303181534954,808000,1688000,close,713426,19218432,16476744,51949568
usage_server,,1555699961855820617,95,0.0006246096189881367,808000,1688000,close,713426,19218432,16450232,51949568
usage_server,,1555699964755683813,96,0.008140262993112102,840000,1728000,open,775003,19742720,9524456,49487872
usage_server,,1555699964755842085,96,0.0077844311377245345,840000,1728000,open,775003,19742720,9560984,48779264
usage_server,,1555699965662303310,95,0.00439974858579506,840000,1732000,generation,775804,19742720,9633160,48779264
usage_server,,1555699966346027804,95,0.00187499999999996,840000,1736000,close,776071,19742720,9672528,48779264
usage_server,,1555699966346250892,95,0.00187499999999996,840000,1736000,close,776071,19742720,9698968,48963584
usage_server,,1555699970665023825,96,0.0012562814070351536,844000,1764000,generation,80796,19742720,10725464,49799168
usage_server,,1555699971414723146,97,0.0024999999999999467,844000,1768000,open,81063,19742720,10791672,49799168
usage_server,,1555699971417936250,97,0.002489110143123807,844000,1772000,open,81063,19742720,10822512,49799168
usage_server,,1555699972285297333,97,0.0024953212726138707,844000,1776000,open,80529,19742720,10072704,48971776
usage_server,,1555699972285371005,97,0.003119151590767366,844000,1772000,open,81597,19742720,10869920,49799168
usage_server,,1555699975666548896,97,0.005635566687539173,864000,1784000,generation,144509,19742720,11194960,49586176
usage_server,,1555699976782168148,95,0.0006246096189881367,868000,1788000,close,144776,19742720,11282256,49586176
usage_server,,1555699976782187986,95,0.0012476606363068798,868000,1788000,close,144776,19742720,11255536,49586176
usage_server,,1555699976809784775,95,0.0006273525721455231,868000,1788000,close,144776,19742720,11316912,49586176
usage_server,,1555699976809945569,95,0.0006265664160400863,868000,1792000,close,144776,19742720,11346368,49856512
usage_server,,1555699980670507753,95,0.0012570710245128902,884000,1804000,generation,208222,19742720,11655744,49696768
usage_server,,1555699985673392349,95,0.00125234815278652,888000,1824000,generation,280127,19742720,12143432,49508352
usage_server,,1555699986698768360,93,0.0018738288569644101,892000,1828000,close,280394,19742720,12203928,49508352
usage_server,,1555699986698804166,93,0.002498438475952547,892000,1828000,close,280394,19742720,12230496,49508352
usage_server,,1555699986725440870,93,0.002498438475952547,896000,1828000,close,280394,19742720,12291392,49778688
usage_server,,1555699986725509761,93,0.002498438475952547,896000,1828000,close,280394,19742720,12265136,49778688
usage_server,,1555699988342679989,94,0.0031230480949406836,904000,1828000,open,281462,19742720,12382520,49778688
usage_server,,1555699988345713119,94,0.0031133250311332628,904000,1828000,open,281462,19742720,12413344,49778688
usage_server,,1555699990675138987,93,0.006896551724137945,920000,1844000,generation,343840,19742720,12821056,51654656
usage_server,,1555699991361036626,93,0.008849557522123908,920000,1848000,close,344107,19742720,12860448,51654656
usage_server,,1555699991361150442,93,0.00821744627054366,920000,1848000,close,344107,19742720,12886952,51654656
usage_server,,1555699993948583900,94,0.004984423676012484,928000,1848000,open,344641,19742720,12987472,51924992
usage_server,,1555699993948658716,94,0.004996876951905094,928000,1848000,open,344641,19742720,12960824,51924992
usage_server,,1555699995676901105,94,0.005610972568578565,932000,1872000,generation,407553,19742720,13361752,55169024
usage_server,,1555699996882041980,92,0.0031269543464665928,932000,1880000,close,407820,19742720,13448648,55169024
usage_server,,1555699996882109651,92,0.0031347962382445305,932000,1876000,close,407820,19742720,13422112,55169024
usage_server,,1555699997656573953,92,0.004996876951905094,936000,1880000,close,408354,19742720,13500224,55439360
usage_server,,1555699997656632641,92,0.004993757802746579,936000,1880000,close,408354,19742720,13526912,55439360
usage_server,,1555700000679503168,92,0.005635566687539173,940000,1908000,generation,471266,19742720,13831048,53088256
usage_server,,1555700002554548338,93,0.004364089775561131,944000,1908000,open,471533,19742720,13919048,53088256
usage_server,,1555700002554636676,93,0.004366812227074246,944000,1908000,open,471533,19742720,13892584,53088256
usage_server,,1555700005683338350,93,0.006896551724137945,952000,1944000,generation,534979,19742720,14410072,53080064
usage_server,,1555700010683156976,93,0.003140703517587995,960000,1964000,generation,598692,19742720,14976576,52789248
usage_server,,1555700015686000552,92,0.008125000000000049,960000,1992000,generation,662405,19742720,15559744,52736000
usage_server,,1555700016544087932,94,0.006857855361595999,964000,1992000,close,662672,19742720,15641608,52736000
usage_server,,1555700016544235501,94,0.0068749999999999645,968000,1992000,close,662672,19742720,15668064,52736000
usage_server,,1555700017410772570,94,0.004385964912280715,968000,1992000,open,663206,19742720,15719152,53006336
usage_server,,1555700017410783940,94,0.004372267332916957,968000,1996000,open,663206,19742720,15745360,53006336
usage_server,,1555700017480579028,94,0.004388714733542298,968000,2008000,open,663740,19742720,15841544,53006336
usage_server,,1555700017480597223,94,0.004391468005018773,968000,2008000,open,663740,19742720,15815200,53006336
usage_server,,1555700020460553063,95,0.00500312695434646,984000,2024000,open,726118,20267008,16532624,53510144
usage_server,,1555700020460640361,95,0.00500312695434646,984000,2024000,open,726118,20267008,16558984,53510144
usage_server,,1555700020688923427,95,0.0031328320802005427,988000,2024000,generation,726652,20267008,16610040,53510144
usage_server,,1555700023681320951,96,0.0018761726078799779,988000,2028000,open,726919,20267008,16697352,53510144
usage_server,,1555700023681340315,96,0.0018726591760299671,988000,2028000,open,726919,20267008,16670976,53510144
usage_server,,1555700025689002752,97,0.00125234815278652,988000,2060000,generation,789831,20791296,17262320,53628928
usage_server,,1555700026557034131,97,0.0006249999999999867,992000,2060000,open,798290,20791296,17327568,53899264
usage_server,,1555700026557040623,97,0.001250781738586615,992000,2060000,open,790098,20791296,17301264,53899264
usage_server,,1555700029577585201,99,0.003759398496240629,992000,2068000,open,798824,20791296,17422608,53899264
usage_server,,1555700029577608690,99,0.0037617554858934144,992000,2068000,open,798824,20791296,17452056,53899264
usage_server,,1555700030524391550,98,0.003754693366708417,1004000,2092000,open,861736,21315584,18066288,54403072
usage_server,,1555700030524479155,98,0.0037523452157598447,1004000,2088000,open,861736,21315584,18039800,54403072
usage_server,,1555700030689808180,98,0.0031328320802005427,1004000,2096000,generation,862270,21315584,18117360,54403072
usage_server,,1555700031257845747,98,0.0031328320802005427,1004000,2096000,close,862537,21315584,18156152,54403072
usage_server,,1555700031257852082,98,0.0031328320802005427,1008000,2096000,close,862537,21315584,18182536,54403072
usage_server,,1555700035693894567,97,0.004377736085053208,1016000,2136000,generation,925449,21839872,9539200,51421184
usage_server,,1555700036211622702,97,0.0025031289111389077,1016000,2140000,close,925716,21839872,9611744,51421184
usage_server,,1555700036211623401,97,0.0025031289111389077,1016000,2136000,close,925716,21839872,9584904,51421184
usage_server,,1555700040691210133,97,0.004377736085053208,1024000,2156000,generation,80796,21839872,10665912,52056064
usage_server,,1555700045701406900,97,0.001879699248120259,1028000,2192000,generation,144509,21839872,11086128,52678656
usage_server,,1555700047546498568,96,0.0018703241895261513,1032000,2192000,close,144776,21839872,11135992,52678656
usage_server,,1555700047546502675,96,0.0018703241895261513,1032000,2192000,close,144776,21839872,11162456,52678656
usage_server,,1555700050701270398,96,0.005635566687539173,1052000,2200000,generation,208222,21839872,11686048,52609024
usage_server,,1555700055706500225,96,0.0018832391713747842,1064000,2216000,generation,271935,21839872,12299000,52649984
usage_server,,1555700060705681613,96,0.0031328320802005427,1072000,2236000,generation,335648,21839872,12942792,55623680
usage_server,,1555700065709616431,96,0.0012547051442910462,1080000,2256000,generation,399361,22364160,14224464,56520704
usage_server,,1555700070714749960,96,0.005649717514124242,1100000,2260000,generation,463074,21839872,14093112,55693312
usage_server,,1555700074844484719,97,0.005642633228840177,1108000,2284000,open,526787,22364160,15295112,56471552
usage_server,,1555700074847540037,97,0.00563204005006257,1112000,2284000,open,526787,22364160,15325680,56471552
usage_server,,1555700075716453212,98,0.0018820577164366803,1116000,2284000,generation,527321,22364160,15399776,56692736
usage_server,,1555700076111816413,98,0.0012515644555695093,1120000,2284000,open,527588,22364160,15468216,56721408
usage_server,,1555700076111862603,98,0.0018761726078799779,1120000,2284000,open,527588,22364160,15438704,56721408
usage_server,,1555700080720158833,98,0.0018832391713747842,1124000,2312000,generation,590500,21839872,15180224,56160256
usage_server,,1555700085724321766,98,0.001879699248120259,1132000,2332000,generation,654213,21839872,15763376,55963648
usage_server,,1555700087358040225,99,0.0006249999999999867,1136000,2332000,open,654480,21839872,15851456,56020992
usage_server,,1555700087358075145,99,0.000625390869293363,1136000,2332000,open,654480,21839872,15825136,56020992
usage_server,,1555700090725874700,99,0.0025031289111389077,1144000,2352000,generation,717926,22364160,16948888,56684544
usage_server,,1555700095728732787,99,0.0012531328320801727,1156000,2368000,generation,781639,21839872,16657008,55885824
usage_server,,1555700100733307961,99,0.0012547051442910462,1168000,2384000,generation,845352,21839872,17234208,55721984
usage_server,,1555700105738698179,99,0.0025109855618330457,1180000,2400000,generation,917257,22364160,18311800,56516608
usage_server,,1555700110741661756,99,0.005012531328320802,1188000,2420000,generation,980970,22364160,18039320,56209408
usage_server,,1555700115746339248,99,0.0037641154328732496,1200000,2460000,generation,1044683,22888448,9523400,52944896
usage_server,,1555700120746715076,99,0.0031328320802005427,1220000,2468000,generation,80796,22888448,10691256,53456896
usage_server,,1555700125749464535,99,0.0012539184952977678,1228000,2556000,generation,80796,12926976,10639072,44052480
usage_server,,1555700127357278810,98,0.0006234413965087171,1228000,2560000,close,81063,12926976,10697696,44052480
usage_server,,1555700127357284792,98,0.0006234413965087171,1228000,2560000,close,81063,12926976,10724896,44052480
usage_server,,1555700130751186539,98,0.005006257822277815,1240000,2580000,generation,144509,13975552,11212856,44376064
usage_server,,1555700134844879658,99,0.0037688442211055717,1256000,2608000,open,208222,14499840,11933792,45305856
usage_server,,1555700134844885622,99,0.0037641154328732496,1256000,2608000,open,208222,14499840,11961008,45305856
usage_server,,1555700135753614641,99,0.0031289111389236623,1256000,2612000,generation,208756,14499840,12018376,45305856
usage_server,,1555700140757089383,99,0.0018856065367692798,1260000,2644000,generation,271935,15024128,12639032,46075904
usage_server,,1555700145761785645,99,0.007504690431519689,1272000,2664000,generation,335648,16596992,13340224,49029120
usage_server,,1555700147446513908,98,0.0012468827930174342,1272000,2668000,close,335915,16596992,13420896,49029120
usage_server,,1555700147446526210,98,0.0006234413965087171,1272000,2668000,close,335915,16596992,13393864,49029120
usage_server,,1555700150763129782,98,0.0037476577139288203,1284000,2688000,generation,399361,17645568,14530544,51294208
usage_server,,1555700155763703960,98,0.0050000000000000044,1292000,2736000,generation,463074,17121280,14292960,50270208
usage_server,,1555700160767150763,98,0.0062617407639323774,1296000,2772000,generation,526787,17645568,14858824,50733056
usage_server,,1555700165769955925,98,0.0037641154328732496,1300000,2820000,generation,590500,18694144,15969776,52338688
usage_server,,1555700170773927554,98,0.0025046963055729288,1312000,2844000,generation,654213,18169856,15705488,52006912
usage_server,,1555700175784579171,98,0.001879699248120259,1320000,2880000,generation,717926,19218432,16716264,53121024
usage_server,,1555700180783239688,98,0.0025109855618330457,1332000,2924000,generation,781639,19218432,16428432,52404224
usage_server,,1555700185781634987,98,0.0024999999999999467,1336000,2948000,generation,845352,20267008,17463096,53207040
usage_server,,1555700190785316710,98,0.0025046963055729288,1340000,2972000,generation,909065,20267008,17139688,52998144
usage_server,,1555700195787250201,98,0.003759398496240629,1352000,3016000,generation,972778,20267008,9549032,49991680
usage_server,,1555700200794035715,98,0.0025031289111389077,1364000,3048000,generation,80796,20267008,10736256,51224576
usage_server,,1555700204661148422,99,0.0037336652146857663,1364000,3052000,open,81063,20267008,10843688,51224576
usage_server,,1555700204661196665,99,0.0037336652146857663,1364000,3052000,open,81063,20267008,10817456,51224576
usage_server,,1555700205791350921,99,0.003754693366708417,1368000,3076000,generation,144509,20267008,11275112,51068928
usage_server,,1555700207544231541,98,0,1372000,3080000,close,144776,20267008,11351368,51339264
usage_server,,1555700207544233798,98,0,1372000,3076000,close,144776,20267008,11325008,51339264
usage_server,,1555700210793002965,98,0.008125000000000049,1388000,3092000,generation,216414,20267008,11862600,51146752
usage_server,,1555700215797040712,98,0.002512562814070307,1396000,3112000,generation,280127,20267008,12450256,51970048
usage_server,,1555700220801154582,98,0.002512562814070307,1408000,3128000,generation,343840,20267008,13115928,53981184
usage_server,,1555700225443293656,99,0.0031269543464665928,1424000,3140000,open,407553,20791296,14453576,54812672
usage_server,,1555700225443310609,99,0.0031269543464665928,1424000,3144000,open,407553,20791296,14480000,54812672
usage_server,,1555700225801015357,99,0.0018761726078799779,1424000,3144000,generation,408087,20791296,14531104,54812672
usage_server,,1555700227855695724,98,0.0018714909544603753,1428000,3144000,close,408354,20791296,14580856,54812672
usage_server,,1555700227855701492,98,0.0018691588785046953,1428000,3148000,close,408354,20791296,14607304,54812672
usage_server,,1555700230806515059,98,0.0025062656641604564,1440000,3168000,generation,471266,20267008,14415080,54415360
usage_server,,1555700235808997338,98,0.0037453183520599342,1452000,3180000,generation,534979,20791296,15449776,54767616
usage_server,,1555700240812741387,98,0.0031328320802005427,1468000,3192000,generation,598692,20267008,15171168,54169600
usage_server,,1555700245817656188,98,0.0025094102885822034,1476000,3212000,generation,662405,20267008,15724904,54169600
usage_server,,1555700250821079187,98,0.009993753903810076,1480000,3236000,generation,726118,20267008,16362920,54005760
usage_server,,1555700255824173035,98,0.0031289111389236623,1492000,3248000,generation,789831,20791296,17635624,54665216
usage_server,,1555700260829177656,98,0.0037712130735386706,1500000,3268000,generation,853544,20267008,17574376,54296576
usage_server,,1555700265835056712,98,0.0031367628607277265,1512000,3312000,generation,917257,20791296,9554352,51322880
usage_server,,1555700270832680728,98,0.005639097744360888,1520000,3332000,generation,80796,20791296,10727880,51982336
usage_server,,1555700275837508650,98,0.0037783375314861534,1524000,3356000,generation,144509,21315584,11623328,52858880
usage_server,,1555700280841864171,98,0.00500312695434646,1532000,3376000,generation,208222,20791296,11304216,52002816
usage_server,,1555700285841509262,99,0.006896551724137945,1536000,3400000,generation,271935,21315584,12358864,52862976
usage_server,,1555700285852723507,99,0.005012531328320802,1536000,3400000,open,271935,21315584,12389408,52862976
usage_server,,1555700285852838743,99,0.0050093926111458575,1536000,3404000,open,271935,21315584,12415400,52862976
usage_server,,1555700290845720667,99,0.0031367628607277265,1548000,3420000,generation,335648,20791296,12239144,55451648
usage_server,,1555700295849270058,99,0.0031328320802005427,1548000,3448000,generation,399361,20791296,12768552,55480320
usage_server,,1555700300848890209,99,0.0031367628607277265,1560000,3464000,generation,463074,21315584,14047824,56070144
usage_server,,1555700305855075643,99,0.0025046963055729288,1564000,3488000,generation,526787,20791296,13966464,55496704
usage_server,,1555700310855143713,99,0.0037664783427495685,1580000,3500000,generation,590500,21315584,15169744,56197120
usage_server,,1555700315860729162,99,0.001879699248120259,1588000,3520000,generation,654213,20791296,15087176,55468032
usage_server,,1555700320858552873,99,0.005018820577164407,1600000,3532000,generation,717926,20791296,15766824,55414784
usage_server,,1555700325863457220,99,0.003759398496240629,1604000,3556000,generation,789831,21315584,17048216,56090624
usage_server,,1555700330866059701,99,0.0037641154328732496,1608000,3584000,generation,853544,20791296,16993344,55439360
usage_server,,1555700335867568354,99,0.0025078369905956466,1624000,3604000,generation,917257,21315584,17688208,55926784
usage_server,,1555700340868861995,99,0.007509386733416723,1640000,3640000,generation,980970,21839872,9578800,52506624
usage_server,,1555700345872805850,100,0.003130870381966133,1640000,3668000,generation,80796,21839872,10782464,53346304
usage_server,,1555700346856462920,100,0.0031250000000000444,1640000,3672000,open,81063,21839872,10846696,53346304
usage_server,,1555700346856463709,100,0.003130870381966133,1640000,3672000,open,81063,21839872,10820416,53346304
usage_server,,1555700350878447240,100,0.005624999999999991,1656000,3688000,generation,144509,21839872,11338224,53202944
usage_server,,1555700355882165906,100,0.003130870381966133,1664000,3708000,generation,208222,21839872,11929544,53280768
usage_server,,1555700360882401101,100,0.00500312695434646,1680000,3720000,generation,271935,21839872,12640584,54128640
usage_server,,1555700365882348429,100,0.0025094102885822034,1692000,3732000,generation,335648,22364160,13932600,56832000
usage_server,,1555700370889503190,100,0.007499999999999951,1700000,3756000,generation,399361,21839872,13886392,56053760
usage_server,,1555700375893264205,100,0.0018832391713747842,1712000,3772000,generation,463074,22364160,15051872,56795136
usage_server,,1555700380898356260,100,0.006273525721455453,1724000,3788000,generation,526787,21839872,14955048,56229888
usage_server,,1555700385898362144,100,0.0031446540880503138,1736000,3804000,generation,590500,21839872,15677024,56111104
usage_server,,1555700390898249772,100,0.0037641154328732496,1740000,3828000,generation,654213,22364160,16965160,56934400
usage_server,,1555700395904050159,100,0.005018820577164407,1744000,3852000,generation,717926,21839872,16917048,56102912
usage_server,,1555700400905114938,100,0.0018832391713747842,1756000,3868000,generation,781639,22364160,18129808,56619008
usage_server,,1555700405909396245,100,0.011228945726762363,1756000,3892000,generation,845352,21839872,18042760,55902208
usage_server,,1555700410912879929,100,0.005021971123666091,1764000,3936000,generation,909065,22364160,9590928,52699136
usage_server,,1555700415914854411,100,0.0018808777429467627,1772000,3956000,generation,80796,22364160,10781888,53628928
usage_server,,1555700420918055601,100,0.005642633228840177,1776000,3984000,generation,144509,22364160,11288744,53534720
usage_server,,1555700425921828475,100,0.0050000000000000044,1784000,4004000,generation,208222,22364160,11964056,53305344
usage_server,,1555700430924315108,100,0.005012531328320802,1800000,4016000,generation,271935,22888448,13287432,54157312
usage_server,,1555700435929225326,100,0.004385964912280715,1804000,4040000,generation,335648,22364160,13264432,56860672
usage_server,,1555700440927276415,100,0.0031289111389236623,1812000,4056000,generation,399361,22888448,14592248,57552896
usage_server,,1555700445935317434,100,0.006883604505632079,1820000,4080000,generation,463074,22364160,14543648,57069568
usage_server,,1555700450934535287,100,0.004391468005018773,1832000,4096000,generation,534979,22364160,15246144,57049088
usage_server,,1555700455935527982,100,0.005028284098051561,1840000,4120000,generation,598692,22888448,16544920,57671680
usage_server,,1555700460941734258,100,0.0018844221105527303,1848000,4144000,generation,662405,22364160,16485792,57114624
usage_server,,1555700465946165497,100,0.004375000000000018,1860000,4156000,generation,726118,22888448,17663592,57851904
usage_server,,1555700470950868040,100,0.0068792995622264375,1876000,4176000,generation,789831,22364160,17551176,57348096
usage_server,,1555700475954588349,100,0.001879699248120259,1892000,4188000,generation,853544,22364160,18268792,57315328
usage_server,,1555700480953145489,100,0.0062617407639323774,1912000,4212000,generation,917257,22888448,9608552,53612544
usage_server,,1555700485957409405,100,0.001879699248120259,1916000,4240000,generation,80796,22888448,10808384,54124544
usage_server,,1555700490961863949,100,0.003138731952291307,1924000,4260000,generation,144509,22888448,11341872,54030336
usage_server,,1555700495964150724,100,0.003138731952291307,1940000,4272000,generation,208222,22888448,12023608,53944320
usage_server,,1555700500964597444,100,0.004385964912280715,1952000,4288000,generation,271935,23412736,13323952,54358016
usage_server,,1555700505969635943,100,0.008130081300813052,1960000,4308000,generation,335648,22888448,13282224,57458688
usage_server,,1555700510969926394,100,0.0037617554858934144,1964000,4332000,generation,399361,23412736,14604848,57880576
usage_server,,1555700515972941667,100,0.005015673981191182,1972000,4352000,generation,463074,22888448,14550072,57380864
usage_server,,1555700520975020295,100,0.0025094102885822034,1976000,4372000,generation,526787,22888448,15230424,57184256
usage_server,,1555700525980531174,100,0.006265664160400974,1976000,4396000,generation,590500,23412736,16553976,57991168
usage_server,,1555700530985007319,100,0.0031367628607277265,1992000,4408000,generation,654213,22888448,16516216,57450496
usage_server,,1555700535988467169,100,0.004383218534752653,1996000,4432000,generation,717926,23412736,17814096,58118144
usage_server,,1555700540987573988,100,0.0031347962382445305,2008000,4448000,generation,781639,22888448,17729840,57688064
usage_server,,1555700545994267502,100,0.009380863039399667,2012000,4492000,generation,845352,21839872,9635632,52543488
usage_server,,1555700550995198200,100,0.0037641154328732496,2020000,4512000,generation,80796,21839872,10813840,53387264
usage_server,,1555700556000664714,100,0.003138731952291307,2028000,4528000,generation,144509,21839872,11287104,53272576
usage_server,,1555700561005891958,100,0.0012554927809165228,2040000,4544000,generation,208222,22364160,12385040,53846016
usage_server,,1555700566009755794,100,0.0025109855618330457,2048000,4564000,generation,271935,21839872,12110560,53112832
usage_server,,1555700571007643658,100,0.0031367628607277265,2056000,4580000,generation,335648,22364160,13123880,56086528
usage_server,,1555700576014981356,100,0.0037570444583594487,2068000,4596000,generation,399361,21839872,12824008,56393728
usage_server,,1555700581017501375,100,0.003754693366708417,2076000,4616000,generation,471266,21839872,13444288,55980032
usage_server,,1555700586021884377,100,0.008788449466415549,2080000,4640000,generation,534979,21839872,14138640,55881728
usage_server,,1555700591025927504,100,0.0031250000000000444,2080000,4664000,generation,598692,22364160,15465120,56627200
usage_server,,1555700596029962884,100,0.0037617554858934144,2092000,4680000,generation,662405,21839872,15369304,56127488
usage_server,,1555700601029660599,100,0.0025109855618330457,2092000,4708000,generation,726118,21839872,16082432,56029184
usage_server,,1555700606032559329,100,0.0025046963055729288,2100000,4728000,generation,789831,22364160,17388368,56700928
usage_server,,1555700611037368193,100,0.004383218534752653,2104000,4752000,generation,853544,21839872,17332504,55869440
usage_server,,1555700616037504935,100,0.004385964912280715,2108000,4776000,generation,917257,22364160,18519024,56680448
usage_server,,1555700621042552009,100,0.0025046963055729288,2116000,4796000,generation,980970,21839872,18409952,56102912
usage_server,,1555700626046108976,100,0.0068792995622264375,2124000,4840000,generation,1044683,22364160,9612368,52744192
usage_server,,1555700631045660426,100,0.0018820577164366803,2128000,4864000,generation,80796,22364160,10799672,53350400
usage_server,,1555700636049956171,100,0.005025125628140725,2136000,4884000,generation,144509,22888448,11726640,54321152
usage_server,,1555700641050852993,100,0.0006261740763932044,2144000,4900000,generation,208222,22364160,11421632,53583872
usage_server,,1555700646057927997,100,0.006265664160400974,2152000,4916000,generation,271935,22888448,12438056,54185984
usage_server,,1555700651064345804,100,0.0025046963055729288,2172000,4932000,generation,335648,22364160,12158464,55861248
usage_server,,1555700656067288320,100,0.001879699248120259,2184000,4960000,generation,399361,22888448,13218088,57782272
usage_server,,1555700661068256621,100,0.0037641154328732496,2192000,4980000,generation,463074,22364160,12885248,57262080
usage_server,,1555700666069105078,100,0.00563204005006257,2196000,5000000,generation,526787,22888448,13927088,57737216
usage_server,,1555700671068382021,100,0.00500312695434646,2200000,5024000,generation,590500,22364160,13602992,56983552
usage_server,,1555700676074755175,100,0.0025094102885822034,2212000,5040000,generation,654213,22888448,14619128,57671680
usage_server,,1555700681077891389,100,0.0025062656641604564,2216000,5064000,generation,717926,22364160,14319472,57131008
usage_server,,1555700686081883770,100,0.0037664783427495685,2228000,5080000,generation,781639,22888448,15357568,57815040
usage_server,,1555700691085159517,100,0.004380475594493172,2240000,5096000,generation,845352,22364160,15047056,57081856
usage_server,,1555700696089515071,100,0.003130870381966133,2240000,5120000,generation,909065,22888448,16067128,57765888
usage_server,,1555700701093999487,100,0.001879699248120259,2252000,5136000,generation,972778,22364160,15760216,57225216
usage_server,,1555700706096507640,100,0.004990642545227741,2260000,5160000,generation,1036491,22364160,16427504,57073664
usage_server,,1555700711098441610,100,0.0025078369905956466,2268000,5192000,generation,1100204,22364160,17117872,57348096
usage_server,,1555700716100765489,100,0.0050000000000000044,2272000,5212000,generation,1172109,22888448,18425176,58318848
usage_server,,1555700721102530826,100,0.0012547051442910462,2280000,5236000,generation,1235822,22364160,18367488,57577472
usage_server,,1555700726107683280,100,0.00564617314930993,2300000,5268000,generation,1299535,22888448,9635768,54341632
usage_server,,1555700731106707090,100,0.004388714733542298,2312000,5284000,generation,80796,22888448,10841200,54792192
usage_server,,1555700736108904235,100,0.0018832391713747842,2324000,5296000,generation,144509,22888448,11365248,54906880
usage_server,,1555700741113855381,100,0.005018820577164407,2344000,5360000,generation,80796,12926976,9477040,44630016
usage_server,,1555700746117423285,100,0.0012586532410321372,2352000,5384000,generation,80796,12926976,10680088,45232128
usage_server,,1555700751121476556,100,0.003138731952291307,2364000,5408000,generation,144509,13451264,11208304,45551616
usage_server,,1555700756124840638,100,0.006870705808869504,2368000,5436000,generation,208222,14499840,11911192,46284800
usage_server,,1555700761128884211,100,0.003759398496240629,2376000,5464000,generation,271935,16072704,12644936,46886912
usage_server,,1555700766130223267,100,0.0031328320802005427,2384000,5484000,generation,335648,16596992,14002832,50380800
usage_server,,1555700771137341895,100,0.0037453183520599342,2400000,5520000,generation,399361,17121280,13949816,50941952
usage_server,,1555700776139631883,100,0.00500312695434646,2412000,5544000,generation,463074,17645568,14639128,51658752
usage_server,,1555700781138637058,100,0.0025078369905956466,2424000,5580000,generation,526787,18694144,15968352,52723712
usage_server,,1555700786143805083,100,0.0031230480949406836,2432000,5604000,generation,590500,18694144,15926640,52695040
usage_server,,1555700791144918677,100,0.003759398496240629,2440000,5632000,generation,654213,19742720,17249816,54050816
usage_server,,1555700796155916802,100,0.004391468005018773,2452000,5676000,generation,717926,20267008,17230288,53702656
usage_server,,1555700801153802654,100,0.0031289111389236623,2464000,5732000,generation,781639,20791296,9620616,49991680
usage_server,,1555700806157131798,100,0.003759398496240629,2468000,5764000,generation,80796,20791296,10803224,50999296
usage_server,,1555700811157079442,100,0.0012547051442910462,2480000,5780000,generation,144509,20791296,11306944,51068928
usage_server,,1555700816163006420,100,0.0018832391713747842,2492000,5808000,generation,208222,21315584,12417088,52482048
usage_server,,1555700821164703114,100,0.001879699248120259,2504000,5824000,generation,271935,20791296,12108520,51494912
usage_server,,1555700826169015860,100,0.0037570444583594487,2508000,5844000,generation,335648,21315584,13129376,54468608
usage_server,,1555700831172178598,100,0.0012531328320801727,2516000,5864000,generation,399361,20791296,12814936,54779904
usage_server,,1555700836177765089,100,0.0012547051442910462,2524000,5880000,generation,463074,21315584,13839288,55459840
usage_server,,1555700841176475927,100,0.0006277463904582614,2540000,5892000,generation,526787,20791296,13551568,54910976
usage_server,,1555700846178545471,100,0.0062539086929330745,2556000,5904000,generation,598692,21315584,14564608,55582720
usage_server,,1555700851182013216,100,0.0025078369905956466,2560000,5936000,generation,662405,20791296,14287392,54775808
usage_server,,1555700856186043937,100,0.005624999999999991,2560000,5964000,generation,726118,20791296,14884688,54616064
usage_server,,1555700861188872450,100,0.0012515644555695093,2564000,5988000,generation,789831,20791296,15564728,54972416
usage_server,,1555700866192758806,100,0.0018808777429467627,2572000,6008000,generation,853544,21315584,16849976,55693312
usage_server,,1555700871193305718,100,0.0031347962382445305,2588000,6020000,generation,917257,20791296,16809792,54960128
usage_server,,1555700876197704438,100,0.0025031289111389077,2588000,6044000,generation,980970,21315584,18005320,55713792
usage_server,,1555700881200050463,100,0.0018820577164366803,2604000,6056000,generation,1044683,20791296,17894720,55148544
usage_server,,1555700886206138655,100,0.004385964912280715,2608000,6100000,generation,1108396,21315584,9618688,51666944
usage_server,,1555700891208986963,100,0.003754693366708417,2612000,6124000,generation,80796,21315584,10816696,52486144
usage_server,,1555700896214890985,100,0.0037570444583594487,2616000,6148000,generation,144509,21315584,11353232,52432896
usage_server,,1555700901212217272,100,0,2620000,6168000,generation,208222,21315584,12036272,52269056
usage_server,,1555700906216567174,100,0.0025046963055729288,2632000,6184000,generation,271935,21839872,13323576,53108736
usage_server,,1555700911220068815,100,0.0031269543464665928,2640000,6204000,generation,335648,21315584,13304712,55812096
usage_server,,1555700916224109836,100,0.003759398496240629,2656000,6216000,generation,399361,21839872,14589312,56709120
usage_server,,1555700921228235996,100,0.0006269592476488839,2672000,6228000,generation,463074,21315584,14541056,55877632
usage_server,,1555700926232227854,100,0.0037523452157598447,2680000,6244000,generation,526787,21839872,15721016,56709120
usage_server,,1555700931233062194,100,0.0037523452157598447,2684000,6268000,generation,590500,21315584,15647664,55877632
usage_server,,1555700936237391784,100,0.008135168961201478,2692000,6288000,generation,654213,21839872,16809888,56692736
usage_server,,1555700941241101776,100,0.003754693366708417,2696000,6312000,generation,717926,21315584,16716040,56451072
usage_server,,1555700942945291324,99,0.0018714909544603753,2696000,6316000,close,718193,21315584,16764200,56451072
usage_server,,1555700942945294509,99,0.0018668326073428831,2696000,6320000,close,718193,21315584,16790680,56451072
usage_server,,1555700946244147049,99,0.0006281407035175768,2716000,6328000,generation,781639,21839872,17837816,57024512
usage_server,,1555700951243025469,99,0.0018785222291797243,2724000,6344000,generation,845352,21315584,17588392,56741888
usage_server,,1555700956248546374,99,0.0037617554858934144,2740000,6356000,generation,909065,21315584,18140968,56610816
usage_server,,1555700961249376264,99,0.0018820577164366803,2748000,6400000,generation,972778,21839872,9613720,52719616
usage_server,,1555700966253237842,99,0.0012554927809165228,2760000,6416000,generation,80796,21839872,10792616,53272576
usage_server,,1555700970845200768,100,0.010012515644555742,2772000,6436000,open,144509,21839872,11345112,53563392
usage_server,,1555700970845269257,100,0.010012515644555742,2772000,6436000,open,152701,21839872,11371648,53563392
usage_server,,1555700971253406979,100,0.003759398496240629,2772000,6440000,generation,153235,21839872,11420656,53563392
usage_server,,1555700976258328319,100,0.0037641154328732496,2792000,6448000,generation,216414,21839872,12013040,53370880
usage_server,,1555700981260963696,100,0.0025031289111389077,2800000,6468000,generation,280127,21839872,12721248,53186560
usage_server,,1555700986266228307,100,0.004383218534752653,2808000,6488000,generation,343840,22364160,13910304,55889920
usage_server,,1555700991265295103,100,0.0031347962382445305,2812000,6508000,generation,407553,21839872,13777048,56246272
usage_server,,1555700996269706315,100,0.0012570710245128902,2816000,6532000,generation,471266,21839872,14487480,56381440
usage_server,,1555701001270799125,99,0.00564617314930993,2828000,6548000,generation,534979,22364160,15808624,57094144
usage_server,,1555701001843299851,99,0.001877346683354153,2828000,6548000,close,535246,22364160,15846440,57094144
usage_server,,1555701001843456397,99,0.0018761726078799779,2832000,6548000,close,535246,22364160,15872824,57094144
usage_server,,1555701006277666379,99,0.0018820577164366803,2836000,6572000,generation,598692,21839872,15722008,56553472
usage_server,,1555701011282775388,99,0.005025125628140725,2848000,6596000,generation,662405,22364160,16827792,57069568
usage_server,,1555701016285716084,99,0.001879699248120259,2852000,6616000,generation,726118,21839872,16551536,56532992
usage_server,,1555701017911559687,98,0,2856000,6620000,close,726385,21839872,16599784,56532992
usage_server,,1555701017911696816,98,0,2856000,6620000,close,726385,21839872,16626024,56532992
usage_server,,1555701021288064514,98,0.0025031289111389077,2864000,6648000,generation,789831,21839872,17159248,56516608
usage_server,,1555701026289610109,98,0.005006257822277815,2872000,6668000,generation,853544,21839872,17802184,56209408
usage_server,,1555701031294001613,98,0.003130870381966133,2888000,6684000,generation,917257,21839872,18462072,56242176
usage_server,,1555701036296840922,98,0.006892230576441061,2896000,6728000,generation,980970,21839872,9634496,52801536
usage_server,,1555701041301186224,98,0.006257822277847325,2904000,6748000,generation,80796,21839872,10755520,53592064
usage_server,,1555701045442188845,100,0.0018820577164366803,2920000,6768000,open,144509,21839872,11336992,53559296
usage_server,,1555701045442357051,100,0.0031289111389236623,2920000,6768000,open,144509,21839872,11366240,53559296
usage_server,,1555701046302037795,100,0.0025094102885822034,2924000,6768000,generation,145043,21839872,11412352,53559296
usage_server,,1555701046313342716,100,0.003754693366708417,2928000,6768000,open,145043,21839872,11442528,53559296
usage_server,,1555701046315937872,100,0.004369538077403257,2928000,6768000,open,145043,21839872,11472304,53559296
usage_server,,1555701051304059825,100,0.0031367628607277265,2940000,6784000,generation,208222,21839872,12081688,53559296
usage_server,,1555701056309048880,100,0.0018832391713747842,2956000,6796000,generation,271935,21839872,12677360,54550528
usage_server,,1555701061310893125,100,0.004383218534752653,2968000,6812000,generation,335648,21839872,13408584,56397824
usage_server,,1555701066315236147,99,0.004377736085053208,2976000,6832000,generation,399361,22364160,14582456,57188352
usage_server,,1555701067211840971,99,0.004987531172069848,2976000,6832000,close,399628,22364160,14621496,57188352
usage_server,,1555701067211871715,99,0.005603985056039873,2980000,6832000,close,399628,22364160,14647728,57188352
usage_server,,1555701071317404631,99,0.0025141420490257804,2988000,6852000,generation,471266,21839872,14477920,56389632
usage_server,,1555701073345640463,98,0.0031230480949406836,2992000,6852000,close,471533,21839872,14554040,56389632
usage_server,,1555701073345672894,98,0.0031230480949406836,2992000,6852000,close,471533,21839872,14527672,56389632
usage_server,,1555701076318016471,98,0.0050000000000000044,3004000,6872000,generation,534979,21839872,15121600,56258560
usage_server,,1555701081324477575,98,0.0018785222291797243,3008000,6900000,generation,598692,21839872,15718376,56385536
usage_server,,1555701086328053838,98,0.0037523452157598447,3016000,6948000,generation,662405,21839872,16465704,55148544
usage_server,,1555701091328421470,98,0.00500312695434646,3028000,6964000,generation,726118,22364160,17741768,55640064
usage_server,,1555701096333690088,98,0.001879699248120259,3040000,6980000,generation,789831,21839872,17669944,55181312
usage_server,,1555701101338146642,98,0.006887914840325582,3040000,7028000,generation,853544,21839872,9601312,51859456
usage_server,,1555701102990859300,97,0.0037383177570093906,3044000,7032000,close,853811,21839872,9686256,51859456
usage_server,,1555701102990869169,97,0.0031172069825435855,3044000,7032000,close,853811,21839872,9659304,51859456
usage_server,,1555701106339367860,97,0.0012562814070351536,3056000,7048000,generation,80796,21839872,10765312,52502528
usage_server,,1555701110908578434,98,0.00936914428482194,3064000,7072000,open,144509,21839872,11249864,52695040
usage_server,,1555701110910933962,98,0.009363295880149836,3064000,7072000,open,144509,21839872,11280272,52695040
usage_server,,1555701111340219705,98,0.0025046963055729288,3064000,7076000,generation,145043,21839872,11327328,52695040
usage_server,,1555701116344851065,98,0.0025031289111389077,3080000,7088000,generation,208222,21839872,11844832,52527104
usage_server,,1555701121349558793,98,0.0031328320802005427,3084000,7112000,generation,271935,21839872,12376248,53678080
usage_server,,1555701123083451132,97,0.00187499999999996,3084000,7116000,close,272202,21839872,12426184,53678080
usage_server,,1555701123083471886,97,0.0024953212726138707,3084000,7120000,close,272202,21839872,12452448,53678080
usage_server,,1555701126349662804,97,0.003759398496240629,3084000,7148000,generation,335648,21839872,13017744,56651776
usage_server,,1555701128744397577,98,0.00250156347717323,3084000,7156000,open,335915,21839872,13110040,56651776
usage_server,,1555701128744491757,98,0.0031250000000000444,3084000,7152000,open,335915,21839872,13083664,56651776
usage_server,,1555701130394067580,99,0.0025141420490257804,3100000,7168000,open,399094,21839872,13814352,55705600
usage_server,,1555701130394187104,99,0.003138731952291307,3100000,7168000,open,399094,21839872,13843576,55705600
usage_server,,1555701131349727220,99,0.0062539086929330745,3104000,7168000,generation,399895,21839872,13900072,55705600
usage_server,,1555701136354992739,99,0.0025094102885822034,3108000,7192000,generation,463074,21839872,14467024,55697408
usage_server,,1555701141357570790,99,0.005006257822277815,3112000,7216000,generation,526787,21839872,15187472,55369728
usage_server,,1555701146360166505,99,0.006249999999999978,3124000,7232000,generation,590500,22364160,16330232,56053760
usage_server,,1555701150880093314,100,0.007532956685499026,3140000,7248000,open,654213,21839872,16285584,55754752
usage_server,,1555701150880094804,100,0.007537688442211032,3140000,7248000,open,654213,21839872,16259112,55754752
usage_server,,1555701151361269685,100,0.0056568196103079504,3144000,7248000,generation,654747,21839872,16336736,55754752
usage_server,,1555701156367075666,99,0.0018808777429467627,3152000,7268000,generation,726118,22364160,17395736,56569856
usage_server,,1555701156880577063,99,0.0024953212726138707,3156000,7268000,close,726385,22364160,17460960,56569856
usage_server,,1555701156880596135,99,0.0024968789013732895,3156000,7268000,close,726385,22364160,17434592,56569856
usage_server,,1555701158026373977,98,0.00125234815278652,3156000,7276000,close,726919,22364160,17522664,56569856
usage_server,,1555701158026406388,98,0.0012492192379762734,3156000,7276000,close,726919,22364160,17548928,56569856
usage_server,,1555701161368529848,98,0.004380475594493172,3168000,7292000,generation,789831,21839872,17156776,55803904
usage_server,,1555701166374054355,98,0.003759398496240629,3172000,7316000,generation,853544,21839872,17700392,55599104
usage_server,,1555701171372184972,98,0.003759398496240629,3180000,7336000,generation,917257,21839872,18369488,55410688
usage_server,,1555701176376427950,97,0.0025173064820641633,3188000,7376000,generation,980970,21839872,9618952,51986432
usage_server,,1555701176982840110,97,0.0012492192379762734,3192000,7376000,close,981237,21839872,9665496,51986432
usage_server,,1555701176982846059,97,0.0012484394506866447,3192000,7376000,close,981237,21839872,9692568,51986432
usage_server,,1555701181375044278,97,0.005018820577164407,3196000,7400000,generation,80796,21839872,10778184,52617216
usage_server,,1555701184679641570,98,0.0006242197253433224,3200000,7400000,open,81063,21839872,10859240,52617216
usage_server,,1555701184679832211,98,0.0006242197253433224,3200000,7400000,open,81063,21839872,10885472,52887552
usage_server,,1555701186228112445,99,0.0037688442211055717,3204000,7428000,open,144509,21839872,11393256,52514816
usage_server,,1555701186228206777,99,0.00439422473320783,3208000,7428000,open,144509,21839872,11422680,52514816
usage_server,,1555701186376163859,99,0.0043969849246231485,3212000,7436000,generation,145043,21839872,11487040,53051392
usage_server,,1555701188420672932,98,0.0018691588785046953,3212000,7444000,close,145310,21839872,11563464,53051392
usage_server,,1555701188420694038,98,0.0018738288569644101,3212000,7440000,close,145310,21839872,11537152,53051392
usage_server,,1555701191377150666,98,0.0037641154328732496,3224000,7456000,generation,208222,21839872,11935992,52858880
usage_server,,1555701196382167977,98,0.0018785222291797243,3240000,7468000,generation,271935,22364160,12965184,53477376
usage_server,,1555701201386203785,98,0.0031328320802005427,3244000,7492000,generation,335648,21839872,12620720,56451072
usage_server,,1555701206392132064,98,0.0025046963055729288,3256000,7508000,generation,399361,22364160,13623320,56872960
usage_server,,1555701211393429114,97,0.003759398496240629,3264000,7528000,generation,463074,21839872,13325040,56594432
usage_server,,1555701211924227938,97,0.002498438475952547,3264000,7532000,close,463341,21839872,13363880,56594432
usage_server,,1555701211924228045,97,0.0024999999999999467,3264000,7532000,close,463341,21839872,13390280,56594432
usage_server,,1555701215022265310,99,0,3268000,7536000,open,463875,21839872,13484648,56594432
usage_server,,1555701215022400025,99,0.0006242197253433224,3268000,7536000,open,463875,21839872,13510856,56594432
usage_server,,1555701215779513603,99,0.0037617554858934144,3292000,7548000,open,526787,21839872,14070296,56705024
usage_server,,1555701215779687890,99,0.0037617554858934144,3292000,7552000,open,526787,21839872,14096520,56705024
usage_server,,1555701216395224103,99,0.004383218534752653,3292000,7556000,generation,527321,21839872,14147624,56705024
usage_server,,1555701221398187798,99,0.0025109855618330457,3296000,7580000,generation,590500,21839872,14646080,56569856
usage_server,,1555701226401396363,99,0.0025031289111389077,3304000,7596000,generation,654213,21839872,15197624,56418304
usage_server,,1555701231401436702,99,0.005635566687539173,3304000,7624000,generation,726118,21839872,15892152,56086528
usage_server,,1555701236405271257,99,0.006887914840325582,3312000,7668000,generation,789831,21839872,16629352,55889920
usage_server,,1555701241408297066,99,0.005653266331658302,3328000,7680000,generation,853544,22364160,17911568,56561664
usage_server,,1555701246414802707,99,0.0031289111389236623,3340000,7696000,generation,917257,21839872,17844024,55730176
usage_server,,1555701251416135674,100,0.0050093926111458575,3352000,7736000,generation,980970,21839872,9689496,52060160
usage_server,,1555701252226447718,100,0.0025031289111389077,3356000,7736000,open,981237,21839872,9735288,52060160
usage_server,,1555701252229286432,100,0.002498438475952547,3356000,7736000,open,981237,21839872,9766200,52060160
usage_server,,1555701256419966498,100,0.0006273525721455231,3368000,7752000,generation,80796,21839872,10908968,52834304
usage_server,,1555701261422255173,100,0.004383218534752653,3388000,7760000,generation,144509,21839872,11314544,52826112
usage_server,,1555701266425611936,100,0.0037641154328732496,3408000,7768000,generation,208222,21839872,11959408,52789248
usage_server,,1555701271428493867,100,0.0018832391713747842,3416000,7792000,generation,271935,21839872,12670176,52617216
usage_server,,1555701276431046980,100,0.0031289111389236623,3432000,7804000,generation,335648,22364160,13964488,55320576
